ORDER_SHOP_CD,decision,emplacement,volume_total,ca_estime,marge_estimee,score_rentabilite
PDV-MYSHOP,DÉVELOPPER,,15335,3067000.0,3002000.0,47.18
92PAEBOUL1,DÉVELOPPER,,2541,508200.0,443200.0,7.82
75FIBRESMS,DÉVELOPPER,,2507,501400.0,436400.0,7.71
06402FH3-0,DÉVELOPPER,CV,2227,445400.0,380400.0,6.85
131273DR-5,DÉVELOPPER,CC,2821,564200.0,479200.0,6.64
ARVOFFFUN1,DÉVELOPPER,,2151,430200.0,365200.0,6.62
75PAFTUNIS,DÉVELOPPER,,1905,381000.0,316000.0,5.86
26100FE4-5,DÉVELOPPER,CV,1902,380400.0,315400.0,5.85
13098FE3-3,DÉVELOPPER,CC,2133,426600.0,341600.0,5.02
84PHSEAVI1,DÉVELOPPER,CC,2023,404600.0,319600.0,4.76
20294FE9-1,DÉVELOPPER,CV,1530,306000.0,241000.0,4.71
06PHSEANTI,DÉVELOPPER,CC,1823,364600.0,279600.0,4.29
26PHSEVALE,DÉVELOPPER,CC,1784,356800.0,271800.0,4.2
ESELFCARE,DÉVELOPPER,,1300,260000.0,195000.0,4.0
84PHSEPERT,DÉVELOPPER,CC,1672,334400.0,249400.0,3.93
06FIBRECA1,DÉVELOPPER,,1274,254800.0,189800.0,3.92
84PHSECAVA,DÉVELOPPER,CV,1250,250000.0,185000.0,3.85
20137FE8-9,DÉVELOPPER,CV,1249,249800.0,184800.0,3.84
26PHSENYON,DÉVELOPPER,CV,1243,248600.0,183600.0,3.82
84100FR6-5,DÉVELOPPER,CC,1622,324400.0,239400.0,3.82
13200FE3-1,DÉVELOPPER,CC,1586,317200.0,232200.0,3.73
06PHSEMENT,DÉVELOPPER,CV,1146,229200.0,164200.0,3.53
75CTCFRAMB,DÉVELOPPER,,1130,226000.0,161000.0,3.48
83580FP3-4,DÉVELOPPER,CC,1478,295600.0,210600.0,3.48
VADVAL1014,DÉVELOPPER,,1114,222800.0,157800.0,3.43
20290VXJ-3,DÉVELOPPER,CC,1204,240800.0,155800.0,2.83
04PHSEDIGN,DÉVELOPPER,CC,1171,234200.0,149200.0,2.76
VADVAL_CAS,DÉVELOPPER,,854,170800.0,105800.0,2.63
92FIBREIMP,DÉVELOPPER,,784,156800.0,91800.0,2.41
05PHSEBRIA,DÉVELOPPER,CV,701,140200.0,75200.0,2.16
84PHSEAPT1,DÉVELOPPER,CV,685,137000.0,72000.0,2.11
04PHSESIST,DÉVELOPPER,CV,658,131600.0,66600.0,2.02
38PHSESALA,DÉVELOPPER,CV,655,131000.0,66000.0,2.02
CORSE_OPEN,DÉVELOPPER,,606,121200.0,56200.0,1.86
06PHSETRIN,DÉVELOPPER,CC,771,154200.0,69200.0,1.81
BO_ADCR_TP,DÉVELOPPER,,556,111200.0,46200.0,1.71
07PHSEPRIV,DÉVELOPPER,CV,531,106200.0,41200.0,1.63
75011FIDSC,DÉVELOPPER,,519,103800.0,38800.0,1.6
62ARVATOMD,DÉVELOPPER,,448,89600.0,24600.0,1.38
81FIDCARMA,DÉVELOPPER,,429,85800.0,20800.0,1.32
MAJSOSHINT,DÉVELOPPER,,359,71800.0,6800.0,1.1
VAD700ACQ,DÉVELOPPER,,351,70200.0,5200.0,1.08
62ARVAFIDO,DÉVELOPPER,,334,66800.0,1800.0,1.03
CECDTACOPE,FERMER,,325,65000.0,0.0,1.0
VAD700MIG,FERMER,,306,61200.0,-3800.0,0.94
71FIDOPB2S,FERMER,,282,56400.0,-8600.0,0.87
CCOGEFID,FERMER,,272,54400.0,-10600.0,0.84
CCBORDFID,FERMER,,251,50200.0,-14800.0,0.77
30PHSEANGL,FERMER,CC,315,63000.0,-22000.0,0.74
65ACTIPREM,FERMER,,228,45600.0,-19400.0,0.7
75017FIDSC,FERMER,,224,44800.0,-20200.0,0.69
B2B,FERMER,,220,44000.0,-21000.0,0.68
92FIBREDMF,FERMER,,211,42200.0,-22800.0,0.65
65ACTICAL2,FERMER,,196,39200.0,-25800.0,0.6
65CTCOPACT,FERMER,,196,39200.0,-25800.0,0.6
75OFPFRAMB,FERMER,,191,38200.0,-26800.0,0.59
RAAOPENN1,FERMER,,185,37000.0,-28000.0,0.57
06GTPROANT,FERMER,,166,33200.0,-31800.0,0.51
62ARVATO16,FERMER,,165,33000.0,-32000.0,0.51
69002FG4-2,FERMER,CV,160,32000.0,-33000.0,0.49
59650FIDSC,FERMER,,154,30800.0,-34200.0,0.47
84APVELEPO,FERMER,,153,30600.0,-34400.0,0.47
33000S01-6,FERMER,,144,28800.0,-36200.0,0.44
CCNDFFID,FERMER,,142,28400.0,-36600.0,0.44
PRT,FERMER,,141,28200.0,-36800.0,0.43
06APVECAN1,FERMER,,138,27600.0,-37400.0,0.42
06APVESTLA,FERMER,,135,27000.0,-38000.0,0.42
13APVEMA60,FERMER,,138,27600.0,-37400.0,0.42
75009OP9-5,FERMER,CV,135,27000.0,-38000.0,0.42
84APVEORAN,FERMER,,135,27000.0,-38000.0,0.42
26APVEMON1,FERMER,,132,26400.0,-38600.0,0.41
CCRENFID,FERMER,,134,26800.0,-38200.0,0.41
NSHN,FERMER,,134,26800.0,-38200.0,0.41
29000KV6-E,FERMER,,127,25400.0,-39600.0,0.39
BO_ADCR_FE,FERMER,,124,24800.0,-40200.0,0.38
13GTPROCAB,FERMER,,121,24200.0,-40800.0,0.37
83APVELAV1,FERMER,,117,23400.0,-41600.0,0.36
84GTPROPER,FERMER,,116,23200.0,-41800.0,0.36
06APVENIC2,FERMER,,113,22600.0,-42400.0,0.35
13APVEVITR,FERMER,,115,23000.0,-42000.0,0.35
VADVAL_PCT,FERMER,,113,22600.0,-42400.0,0.35
13APVEMC30,FERMER,,112,22400.0,-42600.0,0.34
83APVEBRI1,FERMER,,111,22200.0,-42800.0,0.34
CEMASNSOSH,FERMER,,109,21800.0,-43200.0,0.34
CCONCFID,FERMER,,107,21400.0,-43600.0,0.33
20GTPROFUR,FERMER,,105,21000.0,-44000.0,0.32
26GTPROVAL,FERMER,,103,20600.0,-44400.0,0.32
30100FX9-0,FERMER,CV,104,20800.0,-44200.0,0.32
30900F1F-8,FERMER,CC,136,27200.0,-57800.0,0.32
84GTPROAV1,FERMER,,105,21000.0,-44000.0,0.32
20GTPROSAR,FERMER,,102,20400.0,-44600.0,0.31
77000-BO,FERMER,,101,20200.0,-44800.0,0.31
83GTPROSEY,FERMER,,100,20000.0,-45000.0,0.31
AGPSOMEQ27,FERMER,,101,20200.0,-44800.0,0.31
BO_ADCR_OA,FERMER,,100,20000.0,-45000.0,0.31
VADPAPACQ,FERMER,,101,20200.0,-44800.0,0.31
06GTPROMEN,FERMER,,99,19800.0,-45200.0,0.3
13APVEAIX4,FERMER,,98,19600.0,-45400.0,0.3
13APVEAUBA,FERMER,,93,18600.0,-46400.0,0.29
13GTPROMRT,FERMER,,95,19000.0,-46000.0,0.29
13APVEMAR3,FERMER,,90,18000.0,-47000.0,0.28
26GTPRONYO,FERMER,,90,18000.0,-47000.0,0.28
83APVEPUGE,FERMER,,92,18400.0,-46600.0,0.28
SCS-FTMSF,FERMER,,90,18000.0,-47000.0,0.28
30PHSEBAGN,FERMER,CV,87,17400.0,-47600.0,0.27
BO_ADCR_CO,FERMER,,87,17400.0,-47600.0,0.27
83APVEDRA1,FERMER,,84,16800.0,-48200.0,0.26
84GTPROCAV,FERMER,,82,16400.0,-48600.0,0.25
BO_ADCR_RA,FERMER,,80,16000.0,-49000.0,0.25
06APVENIC3,FERMER,,79,15800.0,-49200.0,0.24
06APVENICE,FERMER,,78,15600.0,-49400.0,0.24
13APVEAIX3,FERMER,,79,15800.0,-49200.0,0.24
83APVETOUL,FERMER,,78,15600.0,-49400.0,0.24
62ACHARVAT,FERMER,,75,15000.0,-50000.0,0.23
PDV-BOI,FERMER,,76,15200.0,-49800.0,0.23
59000LIL-5,FERMER,CV,73,14600.0,-50400.0,0.22
83APVEGASS,FERMER,,70,14000.0,-51000.0,0.22
BO_ADCR_ND,FERMER,,70,14000.0,-51000.0,0.22
07GTPRODAV,FERMER,,67,13400.0,-51600.0,0.21
07GTPROTOU,FERMER,,69,13800.0,-51200.0,0.21
34976FK6-A,FERMER,CC,88,17600.0,-67400.0,0.21
750086YO-K,FERMER,CV,67,13400.0,-51600.0,0.21
STAND-GSE,FERMER,,68,13600.0,-51400.0,0.21
13APVEARL1,FERMER,,64,12800.0,-52200.0,0.2
43012FG8-4,FERMER,CV,66,13200.0,-51800.0,0.2
84GTPROCAR,FERMER,,66,13200.0,-51800.0,0.2
P_SI3901MA,FERMER,,65,13000.0,-52000.0,0.2
26APVEROM1,FERMER,,61,12200.0,-52800.0,0.19
34035FC6-1,FERMER,CC,80,16000.0,-69000.0,0.19
83GTPROHYE,FERMER,,62,12400.0,-52600.0,0.19
69003FY9-4,FERMER,CC,75,15000.0,-70000.0,0.18
AGPNCEQU03,FERMER,,58,11600.0,-53400.0,0.18
BO_ADCR_RM,FERMER,,60,12000.0,-53000.0,0.18
13APVESAL1,FERMER,,54,10800.0,-54200.0,0.17
26APVEVAL1,FERMER,,54,10800.0,-54200.0,0.17
35OBSAEOAR,FERMER,,54,10800.0,-54200.0,0.17
38028FK0-2,FERMER,CV,54,10800.0,-54200.0,0.17
CCAIXEQ5,FERMER,,54,10800.0,-54200.0,0.17
MEGSCT_ORA,FERMER,,56,11200.0,-53800.0,0.17
PADCN276PC,FERMER,,56,11200.0,-53800.0,0.17
21OBSAEGER,FERMER,,52,10400.0,-54600.0,0.16
BO_ADCR_GE,FERMER,,51,10200.0,-54800.0,0.16
PADCN262LE,FERMER,,51,10200.0,-54800.0,0.16
04GTPRODIG,FERMER,,48,9600.0,-55400.0,0.15
20000FM2-2,FERMER,,49,9800.0,-55200.0,0.15
310007DI-G,FERMER,CV,48,9600.0,-55400.0,0.15
05APVEGAP,FERMER,,46,9200.0,-55800.0,0.14
06500FD7-5,FERMER,CV,45,9000.0,-56000.0,0.14
06GTPROTRI,FERMER,,46,9200.0,-55800.0,0.14
67100FT5-5,FERMER,CC,59,11800.0,-73200.0,0.14
74000FL8-2,FERMER,CV,46,9200.0,-55800.0,0.14
75SDRBEAUM,FERMER,CV,44,8800.0,-56200.0,0.14
75SDRREPUB,FERMER,CV,44,8800.0,-56200.0,0.14
PDV_REPOSH,FERMER,,44,8800.0,-56200.0,0.14
VAD_MEG,FERMER,,46,9200.0,-55800.0,0.14
06GTPROBEA,FERMER,,43,8600.0,-56400.0,0.13
38080FD8-4,FERMER,CC,54,10800.0,-74200.0,0.13
63000FF7-8,FERMER,CV,41,8200.0,-56800.0,0.13
67300FIDSC,FERMER,,41,8200.0,-56800.0,0.13
BO_ADCR_SO,FERMER,,43,8600.0,-56400.0,0.13
01210FV3-1,FERMER,CV,39,7800.0,-57200.0,0.12
07GTPROPRI,FERMER,,40,8000.0,-57000.0,0.12
13008FM5-6,FERMER,,40,8000.0,-57000.0,0.12
20000WZT-4,FERMER,,38,7600.0,-57400.0,0.12
75016FX6-4,FERMER,CV,39,7800.0,-57200.0,0.12
75PHSESEVR,FERMER,CV,39,7800.0,-57200.0,0.12
78150FF6-3,FERMER,CC,53,10600.0,-74400.0,0.12
83GTPROSTR,FERMER,,38,7600.0,-57400.0,0.12
BO_ADCR_NC,FERMER,,39,7800.0,-57200.0,0.12
CEARVATDEM,FERMER,,38,7600.0,-57400.0,0.12
38GTPROSAL,FERMER,,35,7000.0,-58000.0,0.11
48005FW4-1,FERMER,CV,37,7400.0,-57600.0,0.11
57000U6F-7,FERMER,,37,7400.0,-57600.0,0.11
69009FG4-1,FERMER,CC,45,9000.0,-76000.0,0.11
75006FQ8-5,FERMER,CV,35,7000.0,-58000.0,0.11
86PAEPOIT1,FERMER,,36,7200.0,-57800.0,0.11
92100FH6-0,FERMER,CV,35,7000.0,-58000.0,0.11
20APVEAJA1,FERMER,,32,6400.0,-58600.0,0.1
20GTPROGHI,FERMER,,32,6400.0,-58600.0,0.1
31000FQ1-3,FERMER,CV,34,6800.0,-58200.0,0.1
3400000X-5,FERMER,CV,34,6800.0,-58200.0,0.1
37200FE2-B,FERMER,,31,6200.0,-58800.0,0.1
73010FR2-0,FERMER,CC,41,8200.0,-76800.0,0.1
73200FR2-1,FERMER,CC,42,8400.0,-76600.0,0.1
74200FV3-2,FERMER,CV,31,6200.0,-58800.0,0.1
75005U77-4,FERMER,CV,34,6800.0,-58200.0,0.1
84GTPROAPT,FERMER,,31,6200.0,-58800.0,0.1
AGPRMEQU30,FERMER,,34,6800.0,-58200.0,0.1
BO_ADCR_TO,FERMER,,32,6400.0,-58600.0,0.1
04APVEMANO,FERMER,,30,6000.0,-59000.0,0.09
06000FIDSC,FERMER,,28,5600.0,-59400.0,0.09
11090LYE-1,FERMER,CC,38,7600.0,-77400.0,0.09
1110099L-Q,FERMER,CC,40,8000.0,-77000.0,0.09
20APVEBORG,FERMER,,29,5800.0,-59200.0,0.09
20APVEPORT,FERMER,,29,5800.0,-59200.0,0.09
22GTPROPAI,FERMER,,29,5800.0,-59200.0,0.09
31OBSAESOR,FERMER,,28,5600.0,-59400.0,0.09
33000FT6-A,FERMER,CV,30,6000.0,-59000.0,0.09
34980FX1-1,FERMER,CC,37,7400.0,-77600.0,0.09
69230PE0-5,FERMER,CC,40,8000.0,-77000.0,0.09
74107FV3-0,FERMER,CV,28,5600.0,-59400.0,0.09
74PHSESALL,FERMER,CV,30,6000.0,-59000.0,0.09
75672FT-40,FERMER,,29,5800.0,-59200.0,0.09
75PHSEPAR1,FERMER,CV,29,5800.0,-59200.0,0.09
AGPRMEQU04,FERMER,,29,5800.0,-59200.0,0.09
AGPRMEQU25,FERMER,,28,5600.0,-59400.0,0.09
CCRENN700,FERMER,,29,5800.0,-59200.0,0.09
VADCASACQ,FERMER,,30,6000.0,-59000.0,0.09
07GTPROAUB,FERMER,,27,5400.0,-59600.0,0.08
20GTPROPRO,FERMER,,26,5200.0,-59800.0,0.08
21000FT4-8,FERMER,CC,35,7000.0,-78000.0,0.08
31670FJ1-3,FERMER,CC,33,6600.0,-78400.0,0.08
31700QJ2-5,FERMER,CC,34,6800.0,-78200.0,0.08
38130SPF-3,FERMER,CC,35,7000.0,-78000.0,0.08
38205FD8-3,FERMER,CV,27,5400.0,-59600.0,0.08
66530FX1-1,FERMER,CC,33,6600.0,-78400.0,0.08
75ACHTUNIS,FERMER,,25,5000.0,-60000.0,0.08
75SDRCOMME,FERMER,CV,26,5200.0,-59800.0,0.08
77566FW7-B,FERMER,CC,35,7000.0,-78000.0,0.08
92120FP7-3,FERMER,CV,27,5400.0,-59600.0,0.08
92300FR8-3,FERMER,CV,26,5200.0,-59800.0,0.08
92400FS7-7,FERMER,CC,32,6400.0,-78600.0,0.08
AGPRMEQU37,FERMER,,27,5400.0,-59600.0,0.08
17138FY4-7,FERMER,CC,31,6200.0,-78800.0,0.07
20APVEBAS1,FERMER,,24,4800.0,-60200.0,0.07
29603FT2-4,FERMER,CV,22,4400.0,-60600.0,0.07
30PHSENIME,FERMER,CC,31,6200.0,-78800.0,0.07
44000EDM-1,FERMER,CV,23,4600.0,-60400.0,0.07
54039FW2-0,FERMER,CV,24,4800.0,-60200.0,0.07
71019FG3-2,FERMER,CV,23,4600.0,-60400.0,0.07
75OBSAEIDR,FERMER,,23,4600.0,-60400.0,0.07
76173FC9-1,FERMER,CV,22,4400.0,-60600.0,0.07
77340FW7-1,FERMER,CC,28,5600.0,-79400.0,0.07
77711FS6-7,FERMER,CC,31,6200.0,-78800.0,0.07
80000ZSB-5,FERMER,CV,23,4600.0,-60400.0,0.07
92200FR8-2,FERMER,CV,23,4600.0,-60400.0,0.07
943003I4-I,FERMER,CV,22,4400.0,-60600.0,0.07
ACTICHATAC,FERMER,,22,4400.0,-60600.0,0.07
BO_ADCR_FO,FERMER,,22,4400.0,-60600.0,0.07
BO_ADCR_NB,FERMER,,22,4400.0,-60600.0,0.07
CCBORDN2,FERMER,,22,4400.0,-60600.0,0.07
CEQTPTUUN,FERMER,,24,4800.0,-60200.0,0.07
05GDTPROBR,FERMER,,18,3600.0,-61400.0,0.06
06APVEANT1,FERMER,,18,3600.0,-61400.0,0.06
13BS2HLD,FERMER,,19,3800.0,-61200.0,0.06
14000PJC-I,FERMER,CV,18,3600.0,-61400.0,0.06
20GTPROCOR,FERMER,,19,3800.0,-61200.0,0.06
31200FX1-1,FERMER,CC,26,5200.0,-79800.0,0.06
34PHSEBEZI,FERMER,CC,27,5400.0,-79600.0,0.06
40990IRC-5,FERMER,CC,26,5200.0,-79800.0,0.06
40PHSEHOSS,FERMER,CV,18,3600.0,-61400.0,0.06
42000FD5-6,FERMER,CV,20,4000.0,-61000.0,0.06
42328FE6-3,FERMER,CV,18,3600.0,-61400.0,0.06
62407FA8-5,FERMER,CC,24,4800.0,-80200.0,0.06
66965FM1-1,FERMER,CV,18,3600.0,-61400.0,0.06
69665FT8-2,FERMER,CV,21,4200.0,-60800.0,0.06
92130FH6-2,FERMER,CV,20,4000.0,-61000.0,0.06
93330FU3-4,FERMER,CC,24,4800.0,-80200.0,0.06
CCNICEQPR1,FERMER,,21,4200.0,-60800.0,0.06
CEQTPTUACM,FERMER,,19,3800.0,-61200.0,0.06
IEWBYHOME,FERMER,,20,4000.0,-61000.0,0.06
P_ADCP62LE,FERMER,,18,3600.0,-61400.0,0.06
01PHSETHOI,FERMER,CC,23,4600.0,-80400.0,0.05
02321FL3-5,FERMER,CV,16,3200.0,-61800.0,0.05
04GTPROSIS,FERMER,,16,3200.0,-61800.0,0.05
06APVEGRAS,FERMER,,17,3400.0,-61600.0,0.05
06GTPROCAG,FERMER,,16,3200.0,-61800.0,0.05
07APVEAUBE,FERMER,,15,3000.0,-62000.0,0.05
08011FM6-3,FERMER,CV,17,3400.0,-61600.0,0.05
09100FW1-4,FERMER,CV,15,3000.0,-62000.0,0.05
12100FF4-2,FERMER,CV,15,3000.0,-62000.0,0.05
13GTPROLAZ,FERMER,,17,3400.0,-61600.0,0.05
25300FD6-1,FERMER,CV,17,3400.0,-61600.0,0.05
29200FT2-2,FERMER,CC,20,4000.0,-81000.0,0.05
311204IM-2,FERMER,CC,20,4000.0,-81000.0,0.05
31150IZU-5,FERMER,CC,20,4000.0,-81000.0,0.05
45000FN5-A,FERMER,CV,15,3000.0,-62000.0,0.05
50470FP2-A,FERMER,CC,21,4200.0,-80800.0,0.05
51000J27-4,FERMER,CC,21,4200.0,-80800.0,0.05
51070FL2-1,FERMER,CV,15,3000.0,-62000.0,0.05
57037FU8-4,FERMER,CV,16,3200.0,-61800.0,0.05
57180FU8-5,FERMER,CC,23,4600.0,-80400.0,0.05
57210FU8-3,FERMER,CC,22,4400.0,-80600.0,0.05
59385FL1-2,FERMER,CV,15,3000.0,-62000.0,0.05
59650T9O-N,FERMER,,17,3400.0,-61600.0,0.05
60740FN9-7,FERMER,CC,22,4400.0,-80600.0,0.05
62321FQ9-8,FERMER,CV,15,3000.0,-62000.0,0.05
63170FF7-5,FERMER,CC,21,4200.0,-80800.0,0.05
64100FA6-6,FERMER,CV,15,3000.0,-62000.0,0.05
64601FA6-4,FERMER,CC,23,4600.0,-80400.0,0.05
65ELIGFIBR,FERMER,,16,3200.0,-61800.0,0.05
68065FF2-0,FERMER,CV,17,3400.0,-61600.0,0.05
69371FL7-4,FERMER,CC,21,4200.0,-80800.0,0.05
74PHSEETRE,FERMER,CC,22,4400.0,-80600.0,0.05
78360LQC-5,FERMER,CC,20,4000.0,-81000.0,0.05
84000FR6-B,FERMER,CC,21,4200.0,-80800.0,0.05
92SIMPROSE,FERMER,,16,3200.0,-61800.0,0.05
94000FV5-6,FERMER,CC,21,4200.0,-80800.0,0.05
94100FIDSC,FERMER,,16,3200.0,-61800.0,0.05
94205FW8-4,FERMER,CC,23,4600.0,-80400.0,0.05
94430FV5-1,FERMER,CC,21,4200.0,-80800.0,0.05
AGPRMEQU06,FERMER,,15,3000.0,-62000.0,0.05
CAM1-GSE,FERMER,,15,3000.0,-62000.0,0.05
CCVALQ2,FERMER,,16,3200.0,-61800.0,0.05
EQCCBTQHOM,FERMER,,15,3000.0,-62000.0,0.05
FTM_FLUIDI,FERMER,,16,3200.0,-61800.0,0.05
P_ADCP77CH,FERMER,,15,3000.0,-62000.0,0.05
01011FG1-6,FERMER,CV,14,2800.0,-62200.0,0.04
03PAETOUL1,FERMER,,12,2400.0,-62600.0,0.04
04008FQ7-3,FERMER,CC,17,3400.0,-81600.0,0.04
06000GX6-5,FERMER,,13,2600.0,-62400.0,0.04
13090FE3-7,FERMER,,12,2400.0,-62600.0,0.04
13DVIMARS8,FERMER,,12,2400.0,-62600.0,0.04
17200FP1-1,FERMER,CV,13,2600.0,-62400.0,0.04
21000FT4-A,FERMER,CV,14,2800.0,-62200.0,0.04
24100A4J-5,FERMER,CC,18,3600.0,-81400.0,0.04
29000FJ6-5,FERMER,CC,16,3200.0,-81800.0,0.04
30GTPROANG,FERMER,,13,2600.0,-62400.0,0.04
33065FT6-8,FERMER,,12,2400.0,-62600.0,0.04
33210FL6-A,FERMER,CV,13,2600.0,-62400.0,0.04
34500FJ8-4,FERMER,CC,15,3000.0,-82000.0,0.04
34PHSEBALA,FERMER,CC,17,3400.0,-81600.0,0.04
35406FZ9-5,FERMER,CC,19,3800.0,-81200.0,0.04
38PHSEGRE1,FERMER,CC,15,3000.0,-82000.0,0.04
38PHSEMLAN,FERMER,CC,15,3000.0,-82000.0,0.04
39021FN7-5,FERMER,CV,12,2400.0,-62600.0,0.04
42100746-1,FERMER,CC,19,3800.0,-81200.0,0.04
44600ER7-9,FERMER,CC,15,3000.0,-82000.0,0.04
45770FX1-1,FERMER,CC,18,3600.0,-81400.0,0.04
47000FS2-8,FERMER,CV,13,2600.0,-62400.0,0.04
49321FU7-2,FERMER,CC,15,3000.0,-82000.0,0.04
56321FX7-2,FERMER,CV,12,2400.0,-62600.0,0.04
592234AI-7,FERMER,CC,16,3200.0,-81800.0,0.04
59320I3V-6,FERMER,CC,19,3800.0,-81200.0,0.04
59508FV8-5,FERMER,CV,13,2600.0,-62400.0,0.04
59650FG6-1,FERMER,CC,19,3800.0,-81200.0,0.04
64230FP9-6,FERMER,CC,15,3000.0,-82000.0,0.04
65FIDACTI,FERMER,,12,2400.0,-62600.0,0.04
68019FF2-A,FERMER,CC,17,3400.0,-81600.0,0.04
69317FG4-0,FERMER,CV,13,2600.0,-62400.0,0.04
69PHSELYO2,FERMER,CC,19,3800.0,-81200.0,0.04
69PHSEVILL,FERMER,CV,12,2400.0,-62600.0,0.04
71300FB3-4,FERMER,CV,12,2400.0,-62600.0,0.04
72000FU5-3,FERMER,CV,13,2600.0,-62400.0,0.04
726508U6-H,FERMER,CC,15,3000.0,-82000.0,0.04
73PHSECHA1,FERMER,CV,12,2400.0,-62600.0,0.04
74303FL8-1,FERMER,CV,13,2600.0,-62400.0,0.04
74PHSEEPAG,FERMER,CC,19,3800.0,-81200.0,0.04
75001SNW-2,FERMER,,12,2400.0,-62600.0,0.04
75018FR7-3,FERMER,CV,13,2600.0,-62400.0,0.04
75PHSEITAL,FERMER,CC,17,3400.0,-81600.0,0.04
75PHSEPA01,FERMER,CC,18,3600.0,-81400.0,0.04
75PHSEPA15,FERMER,CV,12,2400.0,-62600.0,0.04
77120FS6-1,FERMER,CV,13,2600.0,-62400.0,0.04
77410FS6-4,FERMER,CC,15,3000.0,-82000.0,0.04
78370FU9-4,FERMER,CC,15,3000.0,-82000.0,0.04
78PHSEVELI,FERMER,CC,17,3400.0,-81600.0,0.04
81000ALB-F,FERMER,CC,17,3400.0,-81600.0,0.04
811006GC-5,FERMER,CC,17,3400.0,-81600.0,0.04
86000FN4-9,FERMER,CC,16,3200.0,-81800.0,0.04
89000FM9-4,FERMER,CC,18,3600.0,-81400.0,0.04
92603FX4-0,FERMER,CV,14,2800.0,-62200.0,0.04
93110FV7-1,FERMER,CC,19,3800.0,-81200.0,0.04
95001FP8-1,FERMER,CC,16,3200.0,-81800.0,0.04
CCNICEQ1,FERMER,,14,2800.0,-62200.0,0.04
CCNICEQ2,FERMER,,14,2800.0,-62200.0,0.04
GDTTESTOB,FERMER,,14,2800.0,-62200.0,0.04
PADCN257TH,FERMER,,12,2400.0,-62600.0,0.04
01100FG1-7,FERMER,CV,11,2200.0,-62800.0,0.03
03018FQ4-0,FERMER,CV,11,2200.0,-62800.0,0.03
03100FQ4-1,FERMER,CV,9,1800.0,-63200.0,0.03
03200FQ4-2,FERMER,CC,13,2600.0,-82400.0,0.03
10007FA5-0,FERMER,CV,9,1800.0,-63200.0,0.03
12031FF4-4,FERMER,CV,10,2000.0,-63000.0,0.03
13600BOUT1,FERMER,CC,13,2600.0,-82400.0,0.03
14100FC3-1,FERMER,CV,9,1800.0,-63200.0,0.03
14124FZ8-5,FERMER,CC,13,2600.0,-82400.0,0.03
15000FV9-3,FERMER,CV,10,2000.0,-63000.0,0.03
20APVELILE,FERMER,,10,2000.0,-63000.0,0.03
22303FW5-2,FERMER,CV,10,2000.0,-63000.0,0.03
24200FK4-2,FERMER,CV,10,2000.0,-63000.0,0.03
25026FD6-1,FERMER,CV,9,1800.0,-63200.0,0.03
25200FF8-3,FERMER,CV,10,2000.0,-63000.0,0.03
27006FF1-1,FERMER,CC,11,2200.0,-82800.0,0.03
330000TI-4,FERMER,CV,11,2200.0,-62800.0,0.03
33140FX5-2,FERMER,CC,12,2400.0,-82600.0,0.03
33324FX5-3,FERMER,CC,14,2800.0,-82200.0,0.03
33500FL6-8,FERMER,CC,11,2200.0,-82800.0,0.03
34PHSESTJE,FERMER,CC,13,2600.0,-82400.0,0.03
37000FE2-7,FERMER,CV,11,2200.0,-62800.0,0.03
38PHSESTEG,FERMER,CC,11,2200.0,-82800.0,0.03
40019FQ3-4,FERMER,CC,13,2600.0,-82400.0,0.03
41350HFQ-Q,FERMER,CC,11,2200.0,-82800.0,0.03
45207FN5-3,FERMER,CV,11,2200.0,-62800.0,0.03
47200FS2-7,FERMER,CV,10,2000.0,-63000.0,0.03
49000FK1-7,FERMER,CC,11,2200.0,-82800.0,0.03
51200FL4-1,FERMER,CV,9,1800.0,-63200.0,0.03
52100FS3-1,FERMER,CV,11,2200.0,-62800.0,0.03
53015FF5-5,FERMER,CC,14,2800.0,-82200.0,0.03
541803EV-5,FERMER,CC,11,2200.0,-82800.0,0.03
54400FH5-2,FERMER,CC,14,2800.0,-82200.0,0.03
56600FX7-4,FERMER,CC,13,2600.0,-82400.0,0.03
59407FV8-0,FERMER,CV,9,1800.0,-63200.0,0.03
59720FX1-1,FERMER,CC,13,2600.0,-82400.0,0.03
60000FN9-5,FERMER,CV,11,2200.0,-62800.0,0.03
62600FQ9-2,FERMER,CV,11,2200.0,-62800.0,0.03
63200NVL-5,FERMER,CC,11,2200.0,-82800.0,0.03
66PHSEPERP,FERMER,CC,13,2600.0,-82400.0,0.03
67500FT5-1,FERMER,CV,11,2200.0,-62800.0,0.03
68300FF2-1,FERMER,CV,10,2000.0,-63000.0,0.03
69PHSEPRIE,FERMER,CC,13,2600.0,-82400.0,0.03
70014FR5-2,FERMER,CV,9,1800.0,-63200.0,0.03
71100EE4-P,FERMER,CC,14,2800.0,-82200.0,0.03
76360FC9-B,FERMER,CC,11,2200.0,-82800.0,0.03
76410FC9-G,FERMER,CC,14,2800.0,-82200.0,0.03
78PHSERAM1,FERMER,CC,13,2600.0,-82400.0,0.03
80044FZ3-6,FERMER,CC,11,2200.0,-82800.0,0.03
82017FH7-2,FERMER,CV,9,1800.0,-63200.0,0.03
83190FC5-A,FERMER,CC,11,2200.0,-82800.0,0.03
87033FK5-1,FERMER,CV,9,1800.0,-63200.0,0.03
88000LVU-5,FERMER,CC,13,2600.0,-82400.0,0.03
89100FM9-1,FERMER,CC,11,2200.0,-82800.0,0.03
90025FF8-2,FERMER,CV,10,2000.0,-63000.0,0.03
91140AHI-5,FERMER,CC,12,2400.0,-82600.0,0.03
92390GA2-1,FERMER,CC,12,2400.0,-82600.0,0.03
93290FX5-5,FERMER,CC,14,2800.0,-82200.0,0.03
ARVOFFROSO,FERMER,,9,1800.0,-63200.0,0.03
PADCN220BA,FERMER,,9,1800.0,-63200.0,0.03
PDV_RVOI,FERMER,,11,2200.0,-62800.0,0.03
P_FID57MUT,FERMER,,10,2000.0,-63000.0,0.03
01500FG1-5,FERMER,CV,8,1600.0,-63400.0,0.02
02000FL3-6,FERMER,CC,7,1400.0,-83600.0,0.02
06APPLNICE,FERMER,,6,1200.0,-63800.0,0.02
06MOBIBOSO,FERMER,CV,8,1600.0,-63400.0,0.02
06PHSEDORE,FERMER,,5,1000.0,-64000.0,0.02
06PHSEETOI,FERMER,CC,8,1600.0,-83400.0,0.02
07PHSEGUIL,FERMER,CC,10,2000.0,-83000.0,0.02
13002MAR-2,FERMER,CC,7,1400.0,-83600.0,0.02
13500RPN-8,FERMER,CC,8,1600.0,-83400.0,0.02
13APPLPROV,FERMER,,5,1000.0,-64000.0,0.02
14PHSEDEAU,FERMER,CV,8,1600.0,-63400.0,0.02
17100FP1-2,FERMER,CV,5,1000.0,-64000.0,0.02
18PHSESTAM,FERMER,CV,5,1000.0,-64000.0,0.02
19012FP5-2,FERMER,CV,5,1000.0,-64000.0,0.02
19PHSEBRIV,FERMER,CC,8,1600.0,-83400.0,0.02
21PHSEBEAU,FERMER,CV,6,1200.0,-63800.0,0.02
23PHSEGUER,FERMER,CV,5,1000.0,-64000.0,0.02
24750RXP-5,FERMER,CC,9,1800.0,-83200.0,0.02
27PHSEVERN,FERMER,CV,7,1400.0,-63600.0,0.02
28PHSEDREU,FERMER,CV,5,1000.0,-64000.0,0.02
29PHSECONC,FERMER,CV,8,1600.0,-63400.0,0.02
30APVEALE1,FERMER,,5,1000.0,-64000.0,0.02
30APVENI30,FERMER,,7,1400.0,-63600.0,0.02
31806FX8-2,FERMER,CV,8,1600.0,-63400.0,0.02
31OBSAESOP,FERMER,,6,1200.0,-63800.0,0.02
31PHSESTOR,FERMER,CC,8,1600.0,-83400.0,0.02
32008FF3-2,FERMER,CV,8,1600.0,-63400.0,0.02
33160517-3,FERMER,CC,8,1600.0,-83400.0,0.02
33260D6L-3,FERMER,CC,8,1600.0,-83400.0,0.02
3330024P-5,FERMER,CC,10,2000.0,-83000.0,0.02
33PHSELALI,FERMER,CC,8,1600.0,-83400.0,0.02
35000FV1-1,FERMER,CV,8,1600.0,-63400.0,0.02
35000FZ9-A,FERMER,CC,8,1600.0,-83400.0,0.02
39PHSECHAM,FERMER,CV,5,1000.0,-64000.0,0.02
40PHSEBISC,FERMER,CC,9,1800.0,-83200.0,0.02
42600FE6-4,FERMER,CV,7,1400.0,-63600.0,0.02
42PHSEFIRM,FERMER,CV,5,1000.0,-64000.0,0.02
42PHSEVILL,FERMER,CC,9,1800.0,-83200.0,0.02
44300FM8-2,FERMER,CC,10,2000.0,-83000.0,0.02
44407FC1-0,FERMER,CC,8,1600.0,-83400.0,0.02
44800FM8-B,FERMER,CC,9,1800.0,-83200.0,0.02
44PHSEGUER,FERMER,CC,8,1600.0,-83400.0,0.02
45073FN5-5,FERMER,CV,8,1600.0,-63400.0,0.02
46005FV4-3,FERMER,CV,6,1200.0,-63800.0,0.02
46100FV4-4,FERMER,CV,8,1600.0,-63400.0,0.02
47PHSEVILL,FERMER,CV,5,1000.0,-64000.0,0.02
49043FK1-2,FERMER,CV,5,1000.0,-64000.0,0.02
49421FU7-3,FERMER,CC,10,2000.0,-83000.0,0.02
50009FP2-0,FERMER,CV,5,1000.0,-64000.0,0.02
55100FE7-2,FERMER,CV,7,1400.0,-63600.0,0.02
56000R9D-5,FERMER,CC,8,1600.0,-83400.0,0.02
57200FV2-2,FERMER,CV,6,1200.0,-63800.0,0.02
58PHSECOSN,FERMER,CV,7,1400.0,-63600.0,0.02
59300FC2-2,FERMER,CV,8,1600.0,-63400.0,0.02
59PHSEFATH,FERMER,CC,7,1400.0,-83600.0,0.02
59PHSEHAZE,FERMER,CV,5,1000.0,-64000.0,0.02
59PHSEWASQ,FERMER,CC,8,1600.0,-83400.0,0.02
60280FT9-8,FERMER,CC,8,1600.0,-83400.0,0.02
622198GC-5,FERMER,CC,7,1400.0,-83600.0,0.02
64PHSESTJL,FERMER,CV,7,1400.0,-63600.0,0.02
65015FJ7-1,FERMER,CV,8,1600.0,-63400.0,0.02
65PHSEIBOS,FERMER,CC,9,1800.0,-83200.0,0.02
66965FM1-4,FERMER,CV,6,1200.0,-63800.0,0.02
66PHSEFONT,FERMER,CV,7,1400.0,-63600.0,0.02
67302FG5-0,FERMER,CC,9,1800.0,-83200.0,0.02
68110UU0-4,FERMER,CC,8,1600.0,-83400.0,0.02
69APVELY31,FERMER,,8,1600.0,-63400.0,0.02
69PHSECXRO,FERMER,CV,8,1600.0,-63400.0,0.02
69PHSEGIV1,FERMER,CC,9,1800.0,-83200.0,0.02
74000FL8-4,FERMER,,7,1400.0,-63600.0,0.02
75013PAR-N,FERMER,,7,1400.0,-63600.0,0.02
75CIRCPRO,FERMER,,5,1000.0,-64000.0,0.02
75PHSEPA14,FERMER,CV,8,1600.0,-63400.0,0.02
7620090I-Y,FERMER,CC,7,1400.0,-83600.0,0.02
76600FK2-8,FERMER,CC,9,1800.0,-83200.0,0.02
76PHSEYVET,FERMER,CV,5,1000.0,-64000.0,0.02
77102FS6-0,FERMER,CC,7,1400.0,-83600.0,0.02
77130FJ9-1,FERMER,CC,7,1400.0,-83600.0,0.02
77190FW7-4,FERMER,CC,7,1400.0,-83600.0,0.02
77PHSEFONT,FERMER,CV,7,1400.0,-63600.0,0.02
78180FU9-0,FERMER,CC,10,2000.0,-83000.0,0.02
78410FD9-5,FERMER,CC,8,1600.0,-83400.0,0.02
78PHSECHAM,FERMER,CC,9,1800.0,-83200.0,0.02
78PHSESTGE,FERMER,CC,7,1400.0,-83600.0,0.02
80100FZ3-1,FERMER,CV,8,1600.0,-63400.0,0.02
82PHSEMOIS,FERMER,CV,5,1000.0,-64000.0,0.02
83120SM1-1,FERMER,CV,8,1600.0,-63400.0,0.02
83400FC5-2,FERMER,CV,5,1000.0,-64000.0,0.02
83608FP3-0,FERMER,CV,5,1000.0,-64000.0,0.02
84300FR6-4,FERMER,CV,5,1000.0,-64000.0,0.02
85302FC7-2,FERMER,CV,7,1400.0,-63600.0,0.02
85340KG8-5,FERMER,CC,8,1600.0,-83400.0,0.02
88100FE1-1,FERMER,CV,8,1600.0,-63400.0,0.02
91290FS8-1,FERMER,CC,9,1800.0,-83200.0,0.02
91PHSEVIGN,FERMER,CC,7,1400.0,-83600.0,0.02
93600FU3-6,FERMER,CC,7,1400.0,-83600.0,0.02
94PHSENOGE,FERMER,CV,6,1200.0,-63800.0,0.02
95150FM4-1,FERMER,CC,7,1400.0,-83600.0,0.02
AGPRMEQU27,FERMER,,5,1000.0,-64000.0,0.02
AGPRMEQU31,FERMER,,5,1000.0,-64000.0,0.02
AGPRMEQU33,FERMER,,7,1400.0,-63600.0,0.02
ARVLENOCOR,FERMER,,8,1600.0,-63400.0,0.02
ARVOFFULR,FERMER,,8,1600.0,-63400.0,0.02
CCAIXEQ2,FERMER,,5,1000.0,-64000.0,0.02
CCNICEQPR2,FERMER,,6,1200.0,-63800.0,0.02
MAJOPOCHAT,FERMER,,5,1000.0,-64000.0,0.02
MIGMOBILN2,FERMER,,5,1000.0,-64000.0,0.02
PADCN234MO,FERMER,,7,1400.0,-63600.0,0.02
PADCN284AV,FERMER,,5,1000.0,-64000.0,0.02
PDV-WEBPRO,FERMER,,6,1200.0,-63800.0,0.02
P_ADCP75GU,FERMER,,7,1400.0,-63600.0,0.02
RETFIBROPE,FERMER,,6,1200.0,-63800.0,0.02
02208FT9-5,FERMER,CV,4,800.0,-64200.0,0.01
02PHSECHAU,FERMER,CV,2,400.0,-64600.0,0.01
02PHSEHIRS,FERMER,CV,3,600.0,-64400.0,0.01
04DVIFORCA,FERMER,,4,800.0,-64200.0,0.01
04MOBISIST,FERMER,CV,3,600.0,-64400.0,0.01
05MOBIBRIA,FERMER,CV,3,600.0,-64400.0,0.01
05MOBIGAP1,FERMER,HORS CV ET CC,2,400.0,-64600.0,0.01
06000FD7-3,FERMER,CC,4,800.0,-84200.0,0.01
066003J6-5,FERMER,,4,800.0,-64200.0,0.01
06AUCHNICE,FERMER,,3,600.0,-64400.0,0.01
06DVIBIOT,FERMER,,2,400.0,-64600.0,0.01
06FNACNICE,FERMER,,2,400.0,-64600.0,0.01
06MOBICAG0,FERMER,CV,4,800.0,-64200.0,0.01
06PHSENICE,FERMER,,3,600.0,-64400.0,0.01
07300FE4-3,FERMER,,2,400.0,-64600.0,0.01
07AUCHGRAN,FERMER,,2,400.0,-64600.0,0.01
07MOBIDAVE,FERMER,CC,4,800.0,-84200.0,0.01
07MOBITOUR,FERMER,CV,4,800.0,-64200.0,0.01
08PHSESEDA,FERMER,CV,2,400.0,-64600.0,0.01
09PHSESTGI,FERMER,CV,3,600.0,-64400.0,0.01
10PHSEROMI,FERMER,CC,3,600.0,-84400.0,0.01
10PHSESTPA,FERMER,CC,5,1000.0,-84000.0,0.01
11108FA2-3,FERMER,CV,2,400.0,-64600.0,0.01
12PHSEONET,FERMER,CC,4,800.0,-84200.0,0.01
12PHSEVIRO,FERMER,CC,4,800.0,-84200.0,0.01
13011FM5-1,FERMER,,2,400.0,-64600.0,0.01
13014YM2-S,FERMER,,2,400.0,-64600.0,0.01
13015FN8-1,FERMER,,3,600.0,-64400.0,0.01
13480YMK-0,FERMER,,2,400.0,-64600.0,0.01
13APPLPORT,FERMER,,2,400.0,-64600.0,0.01
13DVIMAR8,FERMER,,2,400.0,-64600.0,0.01
13PHONAIX,FERMER,,2,400.0,-64600.0,0.01
13PHSEAIX1,FERMER,,3,600.0,-64400.0,0.01
13PHSELITT,FERMER,CC,4,800.0,-84200.0,0.01
13PHSEMAR9,FERMER,CV,2,400.0,-64600.0,0.01
13PHSTAIXP,FERMER,CV,2,400.0,-64600.0,0.01
14200FZ8-1,FERMER,CC,5,1000.0,-84000.0,0.01
14PHSEBAYE,FERMER,CV,3,600.0,-64400.0,0.01
15100FV9-4,FERMER,CV,3,600.0,-64400.0,0.01
15PHSESTFL,FERMER,CV,3,600.0,-64400.0,0.01
16017FL9-3,FERMER,CV,3,600.0,-64400.0,0.01
16PHSECOGN,FERMER,CV,4,800.0,-64200.0,0.01
16PHSERONN,FERMER,CC,5,1000.0,-84000.0,0.01
17300FY4-1,FERMER,CV,4,800.0,-64200.0,0.01
18PHSEBOUR,FERMER,CV,3,600.0,-64400.0,0.01
19GTPROUSS,FERMER,,2,400.0,-64600.0,0.01
20MOBIFURI,FERMER,CV,2,400.0,-64600.0,0.01
20PHSEAJAC,FERMER,CC,5,1000.0,-84000.0,0.01
21PHSECHAT,FERMER,CC,3,600.0,-84400.0,0.01
22018FW5-4,FERMER,CV,4,800.0,-64200.0,0.01
22205FW5-1,FERMER,CV,3,600.0,-64400.0,0.01
22360FW5-A,FERMER,CC,6,1200.0,-83800.0,0.01
24PHSEMARS,FERMER,CC,3,600.0,-84400.0,0.01
25000FX1-1,FERMER,CC,3,600.0,-84400.0,0.01
25PHSEBESA,FERMER,CC,4,800.0,-84200.0,0.01
26MOBICYMO,FERMER,CC,3,600.0,-84400.0,0.01
26MOBINYON,FERMER,CV,2,400.0,-64600.0,0.01
26MOBIPIER,FERMER,CV,2,400.0,-64600.0,0.01
26MOBIVAL2,FERMER,CC,4,800.0,-84200.0,0.01
27PHSEBERN,FERMER,CV,3,600.0,-64400.0,0.01
27PHSEPONT,FERMER,CV,4,800.0,-64200.0,0.01
280009HR-5,FERMER,CV,3,600.0,-64400.0,0.01
29PHSESTMA,FERMER,CC,3,600.0,-84400.0,0.01
30200FX9-1,FERMER,CV,3,600.0,-64400.0,0.01
30GTPROBAG,FERMER,,3,600.0,-64400.0,0.01
30GTPRONIM,FERMER,,2,400.0,-64600.0,0.01
31PHSEPORT,FERMER,CC,4,800.0,-84200.0,0.01
33380KRO-5,FERMER,CC,6,1200.0,-83800.0,0.01
33AVSCSOAB,FERMER,,2,400.0,-64600.0,0.01
33PHSEARES,FERMER,CC,4,800.0,-84200.0,0.01
34APVELATT,FERMER,,2,400.0,-64600.0,0.01
34GTPROBEZ,FERMER,,3,600.0,-64400.0,0.01
34PHSELUNE,FERMER,CV,4,800.0,-64200.0,0.01
35032FV1-2,FERMER,,2,400.0,-64600.0,0.01
35510FG6-3,FERMER,CC,6,1200.0,-83800.0,0.01
35760FV1-5,FERMER,CC,4,800.0,-84200.0,0.01
36020FG9-1,FERMER,CV,4,800.0,-64200.0,0.01
37170FE2-9,FERMER,CC,6,1200.0,-83800.0,0.01
37700FX1-1,FERMER,CC,6,1200.0,-83800.0,0.01
37PHSEARCH,FERMER,CC,6,1200.0,-83800.0,0.01
37PHSECHIN,FERMER,CV,2,400.0,-64600.0,0.01
38APVELISL,FERMER,,3,600.0,-64400.0,0.01
38APVEVIE1,FERMER,,3,600.0,-64400.0,0.01
38GTPROGR1,FERMER,,3,600.0,-64400.0,0.01
38PHSEVOIR,FERMER,CV,4,800.0,-64200.0,0.01
39PHSEDOLE,FERMER,CV,2,400.0,-64600.0,0.01
41PHSEROMO,FERMER,CV,2,400.0,-64600.0,0.01
41PHSEVEND,FERMER,CV,2,400.0,-64600.0,0.01
44PHSECHAT,FERMER,CV,3,600.0,-64400.0,0.01
44PHSESTGE,FERMER,CC,5,1000.0,-84000.0,0.01
45PHSEGIEN,FERMER,CC,6,1200.0,-83800.0,0.01
45PHSERUEL,FERMER,CC,5,1000.0,-84000.0,0.01
47PHSEBOE1,FERMER,CC,6,1200.0,-83800.0,0.01
49000FK1-A,FERMER,CC,4,800.0,-84200.0,0.01
50PHSEGRA1,FERMER,CV,3,600.0,-64400.0,0.01
51PHSESTBR,FERMER,CC,6,1200.0,-83800.0,0.01
52901FS3-0,FERMER,CV,4,800.0,-64200.0,0.01
53PHSEMAYE,FERMER,CV,2,400.0,-64600.0,0.01
54PHSELUNE,FERMER,CV,4,800.0,-64200.0,0.01
55PHSEBARD,FERMER,CV,4,800.0,-64200.0,0.01
56400FM3-2,FERMER,CV,4,800.0,-64200.0,0.01
57400FV2-1,FERMER,CV,2,400.0,-64600.0,0.01
58GTPROMAR,FERMER,,2,400.0,-64600.0,0.01
58PHSEMARZ,FERMER,CC,3,600.0,-84400.0,0.01
59APVELINE,FERMER,,3,600.0,-64400.0,0.01
59PHSELEER,FERMER,CC,4,800.0,-84200.0,0.01
59PHSEVALE,FERMER,CC,4,800.0,-84200.0,0.01
60PHSELACH,FERMER,CC,3,600.0,-84400.0,0.01
61PHSEARGE,FERMER,CV,3,600.0,-64400.0,0.01
62000FF9-4,FERMER,CV,4,800.0,-64200.0,0.01
62800FA8-9,FERMER,CC,5,1000.0,-84000.0,0.01
62PHSEBETH,FERMER,CC,4,800.0,-84200.0,0.01
62PHSECOQU,FERMER,CC,4,800.0,-84200.0,0.01
62PHSESTPO,FERMER,CV,4,800.0,-64200.0,0.01
63PHSEISSO,FERMER,CC,6,1200.0,-83800.0,0.01
63PHSETHIE,FERMER,CV,4,800.0,-64200.0,0.01
64APVEANG1,FERMER,,2,400.0,-64600.0,0.01
64PHSEORTH,FERMER,CV,2,400.0,-64600.0,0.01
65ACTIBAL,FERMER,,2,400.0,-64600.0,0.01
65GTPROIBO,FERMER,,3,600.0,-64400.0,0.01
67APVEST20,FERMER,,2,400.0,-64600.0,0.01
67PHSEILLK,FERMER,CC,5,1000.0,-84000.0,0.01
67PHSESELE,FERMER,CV,4,800.0,-64200.0,0.01
69APVEECUL,FERMER,,2,400.0,-64600.0,0.01
69APVELYO1,FERMER,,3,600.0,-64400.0,0.01
71PHSEAUTU,FERMER,CV,4,800.0,-64200.0,0.01
71PHSECREC,FERMER,CC,4,800.0,-84200.0,0.01
71PHSELOUH,FERMER,CV,3,600.0,-64400.0,0.01
71PHSEPARA,FERMER,CV,3,600.0,-64400.0,0.01
72PHSEARCO,FERMER,CC,5,1000.0,-84000.0,0.01
73000FR2-7,FERMER,CV,2,400.0,-64600.0,0.01
74APVECLU1,FERMER,,2,400.0,-64600.0,0.01
74GTPROETR,FERMER,,2,400.0,-64600.0,0.01
74GTPROSAL,FERMER,,2,400.0,-64600.0,0.01
75017FN6-2,FERMER,,2,400.0,-64600.0,0.01
75APVEPA09,FERMER,,3,600.0,-64400.0,0.01
75APVEPA19,FERMER,,2,400.0,-64600.0,0.01
75APVEPA37,FERMER,,2,400.0,-64600.0,0.01
75DECGPADB,FERMER,,4,800.0,-64200.0,0.01
75PHSEFLAN,FERMER,CV,3,600.0,-64400.0,0.01
76173FC9-0,FERMER,CC,4,800.0,-84200.0,0.01
76290FK2-9,FERMER,CC,6,1200.0,-83800.0,0.01
76PHSEFECA,FERMER,CV,3,600.0,-64400.0,0.01
76PHSENEBR,FERMER,CV,4,800.0,-64200.0,0.01
77PHSENEMO,FERMER,CV,4,800.0,-64200.0,0.01
77PHSEPRO1,FERMER,CV,4,800.0,-64200.0,0.01
78100FY7-2,FERMER,CV,2,400.0,-64600.0,0.01
78300FD9-4,FERMER,CV,3,600.0,-64400.0,0.01
78PHSEBUCH,FERMER,CC,6,1200.0,-83800.0,0.01
78PHSEMANT,FERMER,CV,2,400.0,-64600.0,0.01
79PHSEBRES,FERMER,CV,4,800.0,-64200.0,0.01
79PHSENIOR,FERMER,CV,4,800.0,-64200.0,0.01
80PHSEPERO,FERMER,CV,3,600.0,-64400.0,0.01
81PHSEMAZA,FERMER,CC,4,800.0,-84200.0,0.01
82PHSEMONT,FERMER,CC,6,1200.0,-83800.0,0.01
83120FP3-2,FERMER,,2,400.0,-64600.0,0.01
83DVILEMUY,FERMER,,2,400.0,-64600.0,0.01
83MOBIFREJ,FERMER,CC,3,600.0,-84400.0,0.01
84200FR6-3,FERMER,,2,400.0,-64600.0,0.01
84BOULLEPO,FERMER,,2,400.0,-64600.0,0.01
84CORIVAI0,FERMER,,2,400.0,-64600.0,0.01
84DVICAVAI,FERMER,,2,400.0,-64600.0,0.01
84MOBIPERT,FERMER,CV,2,400.0,-64600.0,0.01
84PHSEAVIC,FERMER,CV,2,400.0,-64600.0,0.01
84PHSEAVIG,FERMER,,3,600.0,-64400.0,0.01
85000BFB-5,FERMER,CC,6,1200.0,-83800.0,0.01
85PHSEFONT,FERMER,CV,2,400.0,-64600.0,0.01
85PHSEHERB,FERMER,CV,3,600.0,-64400.0,0.01
85PHSELUCO,FERMER,CC,4,800.0,-84200.0,0.01
86100FN4-1,FERMER,CV,2,400.0,-64600.0,0.01
86PHSEPOIT,FERMER,CC,5,1000.0,-84000.0,0.01
87PHSELIBO,FERMER,CC,4,800.0,-84200.0,0.01
87PHSESTJU,FERMER,CC,3,600.0,-84400.0,0.01
88PHSEVITT,FERMER,CV,3,600.0,-64400.0,0.01
89PHSEAVAL,FERMER,CC,5,1000.0,-84000.0,0.01
91440FW6-5,FERMER,CC,5,1000.0,-84000.0,0.01
91PHSEETAM,FERMER,CV,4,800.0,-64200.0,0.01
91PHSEVILL,FERMER,CC,6,1200.0,-83800.0,0.01
92APVEMON1,FERMER,,2,400.0,-64600.0,0.01
92BAGFICT2,FERMER,,2,400.0,-64600.0,0.01
93PHSEMOGA,FERMER,CC,3,600.0,-84400.0,0.01
93PHSEVHE,FERMER,,3,600.0,-64400.0,0.01
95290PF0-5,FERMER,CC,6,1200.0,-83800.0,0.01
95570FK8-7,FERMER,CC,4,800.0,-84200.0,0.01
95PHSEENGH,FERMER,CV,3,600.0,-64400.0,0.01
95PHSESTBR,FERMER,CC,3,600.0,-84400.0,0.01
97410ENF-4,FERMER,,2,400.0,-64600.0,0.01
97416SLP-1,FERMER,,4,800.0,-64200.0,0.01
97420SCO-6,FERMER,,3,600.0,-64400.0,0.01
97490STC-1,FERMER,,3,600.0,-64400.0,0.01
97600KAW-3,FERMER,,2,400.0,-64600.0,0.01
AGPRAADP01,FERMER,,4,800.0,-64200.0,0.01
AGPRAAEQ31,FERMER,,2,400.0,-64600.0,0.01
AGPRMEPECC,FERMER,,3,600.0,-64400.0,0.01
ARVOFFHORP,FERMER,,3,600.0,-64400.0,0.01
BO_ARMATIS,FERMER,,2,400.0,-64600.0,0.01
BO_AVROSNY,FERMER,,4,800.0,-64200.0,0.01
BO_PROCAEN,FERMER,,2,400.0,-64600.0,0.01
BO_VILB,FERMER,,2,400.0,-64600.0,0.01
CAM3-GSO,FERMER,,3,600.0,-64400.0,0.01
CCRAAPEC,FERMER,,2,400.0,-64600.0,0.01
EQCCBTQMOB,FERMER,,3,600.0,-64400.0,0.01
EQUCSGSO,FERMER,,3,600.0,-64400.0,0.01
EQUNOMGSE,FERMER,,2,400.0,-64600.0,0.01
FTM_FLUID2,FERMER,,2,400.0,-64600.0,0.01
GTPROTEST,FERMER,,2,400.0,-64600.0,0.01
HLD92ADMET,FERMER,,3,600.0,-64400.0,0.01
IMPACTFIBR,FERMER,,3,600.0,-64400.0,0.01
PADCN203MO,FERMER,,3,600.0,-64400.0,0.01
PADCN207SP,FERMER,,2,400.0,-64600.0,0.01
PADCN213MA,FERMER,,2,400.0,-64600.0,0.01
PADCN216IE,FERMER,,2,400.0,-64600.0,0.01
PADCN236CH,FERMER,,2,400.0,-64600.0,0.01
PADCN250SL,FERMER,,2,400.0,-64600.0,0.01
PADCN262AR,FERMER,,2,400.0,-64600.0,0.01
PADCN269LY,FERMER,,2,400.0,-64600.0,0.01
PADCN275GU,FERMER,,3,600.0,-64400.0,0.01
PIL_ORANGE,FERMER,,4,800.0,-64200.0,0.01
P_ADCP20CO,FERMER,,2,400.0,-64600.0,0.01
P_ADCP76PC,FERMER,,4,800.0,-64200.0,0.01
P_ADCP95CE,FERMER,,2,400.0,-64600.0,0.01
SMSHOLDPAP,FERMER,,2,400.0,-64600.0,0.01
STA-GSE-CE,FERMER,,3,600.0,-64400.0,0.01
TPACMOBOFF,FERMER,,4,800.0,-64200.0,0.01
01APVEBOUR,FERMER,,1,200.0,-64800.0,0.0
01APVEOYON,FERMER,,1,200.0,-64800.0,0.0
01GTPROTHO,FERMER,,1,200.0,-64800.0,0.0
02APVESTQU,FERMER,,1,200.0,-64800.0,0.0
02PHSECHAT,FERMER,CV,1,200.0,-64800.0,0.0
04CORIJEPA,FERMER,,1,200.0,-64800.0,0.0
05MOBIAGE,FERMER,,1,200.0,-64800.0,0.0
05MOBIGAP,FERMER,,1,200.0,-64800.0,0.0
06036FQ2-5,FERMER,,1,200.0,-64800.0,0.0
06CARRANTI,FERMER,,1,200.0,-64800.0,0.0
06CARRNICE,FERMER,,1,200.0,-64800.0,0.0
06CORISENA,FERMER,,1,200.0,-64800.0,0.0
06MOBINIC1,FERMER,,1,200.0,-64800.0,0.0
06MOBITELN,FERMER,,1,200.0,-64800.0,0.0
06MOBIVENC,FERMER,,1,200.0,-64800.0,0.0
07MOBIPRIV,FERMER,CV,1,200.0,-64800.0,0.0
12PHSEVILL,FERMER,CV,1,200.0,-64800.0,0.0
13001PYQ-5,FERMER,,1,200.0,-64800.0,0.0
13006RCW-5,FERMER,,1,200.0,-64800.0,0.0
13007FV6-4,FERMER,,1,200.0,-64800.0,0.0
13AUCHMARS,FERMER,,1,200.0,-64800.0,0.0
13CARRAIX,FERMER,,1,200.0,-64800.0,0.0
13CORINETP,FERMER,,1,200.0,-64800.0,0.0
13DVIBOUBA,FERMER,,1,200.0,-64800.0,0.0
13FNACMA11,FERMER,,1,200.0,-64800.0,0.0
13FNACMARS,FERMER,,1,200.0,-64800.0,0.0
13MOBIARLE,FERMER,,1,200.0,-64800.0,0.0
13MOBIAUB0,FERMER,,1,200.0,-64800.0,0.0
13MOBITELE,FERMER,,1,200.0,-64800.0,0.0
13PHSEAUBA,FERMER,CC,1,200.0,-84800.0,0.0
13PHSEISTR,FERMER,CC,2,400.0,-84600.0,0.0
13PHSEVITR,FERMER,CC,1,200.0,-84800.0,0.0
13SUBEPLAN,FERMER,,1,200.0,-64800.0,0.0
14APVELISI,FERMER,,1,200.0,-64800.0,0.0
14PHSEVIRE,FERMER,CV,1,200.0,-64800.0,0.0
15APVEAUR1,FERMER,,1,200.0,-64800.0,0.0
16GTPROCOG,FERMER,,1,200.0,-64800.0,0.0
17APVEPUIL,FERMER,,1,200.0,-64800.0,0.0
17APVEROY1,FERMER,,1,200.0,-64800.0,0.0
17APVESTE1,FERMER,,1,200.0,-64800.0,0.0
17PHSTLARO,FERMER,,1,200.0,-64800.0,0.0
18PHSEBOCC,FERMER,CC,1,200.0,-84800.0,0.0
18PHSESTDO,FERMER,CC,1,200.0,-84800.0,0.0
18PHSEVIER,FERMER,CV,1,200.0,-64800.0,0.0
20MOBIAJAC,FERMER,CC,1,200.0,-84800.0,0.0
20MOBICORT,FERMER,CV,1,200.0,-64800.0,0.0
20MOBIGHIS,FERMER,CV,1,200.0,-64800.0,0.0
216TPTUNIS,FERMER,,1,200.0,-64800.0,0.0
21800935-G,FERMER,CC,2,400.0,-84600.0,0.0
22PHSEPAIM,FERMER,CC,1,200.0,-84800.0,0.0
24100FK4-1,FERMER,CV,1,200.0,-64800.0,0.0
25PHSEECOL,FERMER,CC,1,200.0,-84800.0,0.0
26207FK7-0,FERMER,,1,200.0,-64800.0,0.0
26CORICRES,FERMER,,1,200.0,-64800.0,0.0
26PHSTVALE,FERMER,,1,200.0,-64800.0,0.0
27APVEEVR1,FERMER,,1,200.0,-64800.0,0.0
28PHSECHAT,FERMER,CV,1,200.0,-64800.0,0.0
28PHSEMARG,FERMER,CC,2,400.0,-84600.0,0.0
29APVEBRE2,FERMER,,1,200.0,-64800.0,0.0
29APVEBRE3,FERMER,,1,200.0,-64800.0,0.0
29APVEQUI2,FERMER,,1,200.0,-64800.0,0.0
29PHSECARH,FERMER,CV,1,200.0,-64800.0,0.0
29PHSELAND,FERMER,CV,1,200.0,-64800.0,0.0
31650X2Y-3,FERMER,CC,2,400.0,-84600.0,0.0
31APVELAB1,FERMER,,1,200.0,-64800.0,0.0
31APVETOU2,FERMER,,1,200.0,-64800.0,0.0
31APVETOU4,FERMER,,1,200.0,-64800.0,0.0
32PHSENOGA,FERMER,CC,2,400.0,-84600.0,0.0
33APVEBOR5,FERMER,,1,200.0,-64800.0,0.0
33APVEBOR7,FERMER,,1,200.0,-64800.0,0.0
33APVELIB1,FERMER,,1,200.0,-64800.0,0.0
33GDTPROLE,FERMER,,1,200.0,-64800.0,0.0
33PHSELESP,FERMER,CV,1,200.0,-64800.0,0.0
34200FK6-1,FERMER,,1,200.0,-64800.0,0.0
34500FX1-1,FERMER,CC,1,200.0,-84800.0,0.0
34GTPROLUN,FERMER,,1,200.0,-64800.0,0.0
34PHONMON1,FERMER,,1,200.0,-64800.0,0.0
35305FZ9-2,FERMER,CC,2,400.0,-84600.0,0.0
35OBSAEOAP,FERMER,,1,200.0,-64800.0,0.0
35PHSEFOUG,FERMER,CC,2,400.0,-84600.0,0.0
36PHSEARGE,FERMER,CV,1,200.0,-64800.0,0.0
36PHSEPOIN,FERMER,CC,1,200.0,-84800.0,0.0
37000FE2-1,FERMER,,1,200.0,-64800.0,0.0
37GTPROCHI,FERMER,,1,200.0,-64800.0,0.0
38240VEZ-5,FERMER,CC,1,200.0,-84800.0,0.0
38505FK0-4,FERMER,CV,1,200.0,-64800.0,0.0
38GTPROGRE,FERMER,,1,200.0,-64800.0,0.0
39GTPRODOL,FERMER,,1,200.0,-64800.0,0.0
40GTPROBIS,FERMER,,1,200.0,-64800.0,0.0
40GTPROHOS,FERMER,,1,200.0,-64800.0,0.0
41APVEVINE,FERMER,,1,200.0,-64800.0,0.0
42PHSEFEUR,FERMER,CV,1,200.0,-64800.0,0.0
44GTPROCHA,FERMER,,1,200.0,-64800.0,0.0
44MOBIGUER,FERMER,CC,1,200.0,-84800.0,0.0
44MOBINANT,FERMER,,1,200.0,-64800.0,0.0
44PHSENANT,FERMER,CC,2,400.0,-84600.0,0.0
44PHSEPORN,FERMER,CC,2,400.0,-84600.0,0.0
45503FN5-2,FERMER,CC,1,200.0,-84800.0,0.0
45APVEMON1,FERMER,,1,200.0,-64800.0,0.0
45PHSEPITH,FERMER,CV,1,200.0,-64800.0,0.0
46APVEFIGE,FERMER,,1,200.0,-64800.0,0.0
50300FP2-2,FERMER,CV,1,200.0,-64800.0,0.0
50PHSECOUT,FERMER,CV,1,200.0,-64800.0,0.0
54520PPT-N,FERMER,,1,200.0,-64800.0,0.0
54APVEHOUD,FERMER,,1,200.0,-64800.0,0.0
56000DVANN,FERMER,,1,200.0,-64800.0,0.0
56APVELANE,FERMER,,1,200.0,-64800.0,0.0
56PHSEPLOE,FERMER,CC,2,400.0,-84600.0,0.0
57300FU8-2,FERMER,CC,1,200.0,-84800.0,0.0
57GTPROSTA,FERMER,,1,200.0,-64800.0,0.0
57PHSEFORB,FERMER,CV,1,200.0,-64800.0,0.0
57PHSESTAV,FERMER,CV,1,200.0,-64800.0,0.0
58GTPROCOS,FERMER,,1,200.0,-64800.0,0.0
59155LMZ-5,FERMER,CC,1,200.0,-84800.0,0.0
59APVEENGL,FERMER,,1,200.0,-64800.0,0.0
59GTPROLEE,FERMER,,1,200.0,-64800.0,0.0
59GTPROWAS,FERMER,,1,200.0,-64800.0,0.0
59PHSETOUR,FERMER,CV,1,200.0,-64800.0,0.0
59TELCLILL,FERMER,,1,200.0,-64800.0,0.0
60PHSEBEAU,FERMER,CC,2,400.0,-84600.0,0.0
60PHSECOMP,FERMER,CC,1,200.0,-84800.0,0.0
60PHSECREP,FERMER,CV,1,200.0,-64800.0,0.0
60PHSENOGE,FERMER,CC,2,400.0,-84600.0,0.0
62000BOUT2,FERMER,CC,1,200.0,-84800.0,0.0
62FIDARVAT,FERMER,,1,200.0,-64800.0,0.0
64PHSEOLOR,FERMER,CV,1,200.0,-64800.0,0.0
64PHSEPAU6,FERMER,CC,2,400.0,-84600.0,0.0
65OPENACTI,FERMER,,1,200.0,-64800.0,0.0
65PHONIBOS,FERMER,,1,200.0,-64800.0,0.0
67000FX1-1,FERMER,CC,1,200.0,-84800.0,0.0
67PHSEMOLS,FERMER,CV,1,200.0,-64800.0,0.0
68021FR3-2,FERMER,CV,1,200.0,-64800.0,0.0
68AUCHMULH,FERMER,,1,200.0,-64800.0,0.0
68GTPROWIT,FERMER,,1,200.0,-64800.0,0.0
68PHSEMULW,FERMER,CC,1,200.0,-84800.0,0.0
69002AY7-5,FERMER,CV,1,200.0,-64800.0,0.0
69100FY9-3,FERMER,,1,200.0,-64800.0,0.0
69300DCALU,FERMER,,1,200.0,-64800.0,0.0
69700MUC-2,FERMER,CC,1,200.0,-84800.0,0.0
69APVELYON,FERMER,,1,200.0,-64800.0,0.0
69APVESTGE,FERMER,,1,200.0,-64800.0,0.0
69GTPROGIV,FERMER,,1,200.0,-64800.0,0.0
69PHONECUL,FERMER,,1,200.0,-64800.0,0.0
71APVECHAL,FERMER,,1,200.0,-64800.0,0.0
71APVEMAC1,FERMER,,1,200.0,-64800.0,0.0
71BOULMACO,FERMER,,1,200.0,-64800.0,0.0
71GTPROCRE,FERMER,,1,200.0,-64800.0,0.0
72PHSEFLEC,FERMER,CV,1,200.0,-64800.0,0.0
72PHSEMANS,FERMER,CC,1,200.0,-84800.0,0.0
72PHSESABL,FERMER,CC,1,200.0,-84800.0,0.0
72TELCLACH,FERMER,,1,200.0,-64800.0,0.0
73103FR2-4,FERMER,CV,1,200.0,-64800.0,0.0
73APVEALB1,FERMER,,1,200.0,-64800.0,0.0
73APVECHAM,FERMER,,1,200.0,-64800.0,0.0
73PHSEAIXB,FERMER,CV,1,200.0,-64800.0,0.0
74APVEANN3,FERMER,,1,200.0,-64800.0,0.0
74APVETHO1,FERMER,,1,200.0,-64800.0,0.0
74MOBISAL1,FERMER,CV,1,200.0,-64800.0,0.0
74PHSEONON,FERMER,CC,1,200.0,-84800.0,0.0
75006C3L-J,FERMER,CV,1,200.0,-64800.0,0.0
75008BM9-5,FERMER,CV,1,200.0,-64800.0,0.0
75015FX2-3,FERMER,,1,200.0,-64800.0,0.0
75116FX6-3,FERMER,,1,200.0,-64800.0,0.0
75APVEPA39,FERMER,,1,200.0,-64800.0,0.0
75BHVRIVO,FERMER,,1,200.0,-64800.0,0.0
75BNPAGENC,FERMER,,1,200.0,-64800.0,0.0
75DCEGPARI,FERMER,,1,200.0,-64800.0,0.0
75GTPROITA,FERMER,,1,200.0,-64800.0,0.0
75GTPROPAR,FERMER,,1,200.0,-64800.0,0.0
75GTPROSEV,FERMER,,1,200.0,-64800.0,0.0
75OBSAEIDP,FERMER,,1,200.0,-64800.0,0.0
76APVEBARE,FERMER,,1,200.0,-64800.0,0.0
76APVELEH1,FERMER,,1,200.0,-64800.0,0.0
76APVEMONT,FERMER,,1,200.0,-64800.0,0.0
76APVETOUR,FERMER,,1,200.0,-64800.0,0.0
77160FJ9-2,FERMER,CV,1,200.0,-64800.0,0.0
77200FB9-2,FERMER,,1,200.0,-64800.0,0.0
77APVECLA1,FERMER,,1,200.0,-64800.0,0.0
77APVEFON1,FERMER,,1,200.0,-64800.0,0.0
77APVELIE1,FERMER,,1,200.0,-64800.0,0.0
77GTPRONEM,FERMER,,1,200.0,-64800.0,0.0
78000FF6-4,FERMER,CV,1,200.0,-64800.0,0.0
78APVEPAR1,FERMER,,1,200.0,-64800.0,0.0
78GTPROHAM,FERMER,,1,200.0,-64800.0,0.0
78GTPROVEL,FERMER,,1,200.0,-64800.0,0.0
78PHSEMONT,FERMER,CC,1,200.0,-84800.0,0.0
79GTPRONIO,FERMER,,1,200.0,-64800.0,0.0
79PHSENIVH,FERMER,CC,1,200.0,-84800.0,0.0
79PHSETHOU,FERMER,CV,1,200.0,-64800.0,0.0
80PHSEMERS,FERMER,CV,1,200.0,-64800.0,0.0
81APVEALBI,FERMER,,1,200.0,-64800.0,0.0
83AVTEROHU,FERMER,,1,200.0,-64800.0,0.0
83CARRTOUL,FERMER,,1,200.0,-64800.0,0.0
83DVISTMAX,FERMER,,1,200.0,-64800.0,0.0
83PHONHYER,FERMER,,1,200.0,-64800.0,0.0
83PHSELAVA,FERMER,,1,200.0,-64800.0,0.0
83PHSTTOUL,FERMER,CV,1,200.0,-64800.0,0.0
83TELCTRAN,FERMER,,1,200.0,-64800.0,0.0
84CORIBOLL,FERMER,,1,200.0,-64800.0,0.0
84MOBIAPTD,FERMER,CV,1,200.0,-64800.0,0.0
84MOBIISLE,FERMER,,1,200.0,-64800.0,0.0
84PHSEPONT,FERMER,,1,200.0,-64800.0,0.0
85101FC7-4,FERMER,,1,200.0,-64800.0,0.0
85PHSEBOUF,FERMER,CC,2,400.0,-84600.0,0.0
87PHSELIM1,FERMER,CC,2,400.0,-84600.0,0.0
88APVESTDI,FERMER,,1,200.0,-64800.0,0.0
89MOBIIGNY,FERMER,CC,1,200.0,-84800.0,0.0
89PHSEJOIG,FERMER,CC,2,400.0,-84600.0,0.0
91309FW6-2,FERMER,CC,1,200.0,-84800.0,0.0
91APVEBRE1,FERMER,,1,200.0,-64800.0,0.0
91PHSEVIRY,FERMER,CC,2,400.0,-84600.0,0.0
92APPLDEFE,FERMER,,1,200.0,-64800.0,0.0
92PHSEPUTO,FERMER,CC,1,200.0,-84800.0,0.0
93100FV7-2,FERMER,CC,1,200.0,-84800.0,0.0
93APVESEP5,FERMER,,1,200.0,-64800.0,0.0
94APVECRE1,FERMER,,1,200.0,-64800.0,0.0
94PHSEBERC,FERMER,CC,2,400.0,-84600.0,0.0
95880FK8-1,FERMER,CV,1,200.0,-64800.0,0.0
95APVEFRA2,FERMER,,1,200.0,-64800.0,0.0
95PHSEERMO,FERMER,CC,2,400.0,-84600.0,0.0
95TELDERAG,FERMER,,1,200.0,-64800.0,0.0
97438SAI-4,FERMER,,1,200.0,-64800.0,0.0
97480M3M-5,FERMER,,1,200.0,-64800.0,0.0
ACTIPOCHAT,FERMER,,1,200.0,-64800.0,0.0
AGP-PARNAS,FERMER,,1,200.0,-64800.0,0.0
AGPNDFEQ12,FERMER,,1,200.0,-64800.0,0.0
AGPSOMEQ13,FERMER,,1,200.0,-64800.0,0.0
ARVN2FIDOP,FERMER,,1,200.0,-64800.0,0.0
ARVN2RCLOP,FERMER,,1,200.0,-64800.0,0.0
CAM2-GO,FERMER,,1,200.0,-64800.0,0.0
CCVALQ1,FERMER,,1,200.0,-64800.0,0.0
CECCACARE,FERMER,,1,200.0,-64800.0,0.0
EQPROACGSE,FERMER,,1,200.0,-64800.0,0.0
HLD92GDT01,FERMER,,1,200.0,-64800.0,0.0
PADCN268MU,FERMER,,1,200.0,-64800.0,0.0
PADCN277CH,FERMER,,1,200.0,-64800.0,0.0
SCS-LOCAT,FERMER,,1,200.0,-64800.0,0.0
SCS-VODAF,FERMER,,1,200.0,-64800.0,0.0
STDGSOANCA,FERMER,,1,200.0,-64800.0,0.0
TCHATA2PGO,FERMER,,1,200.0,-64800.0,0.0
TPASSSOSH,FERMER,,1,200.0,-64800.0,0.0
VADPAPMIG,FERMER,,1,200.0,-64800.0,0.0
SOSHOES,MAINTENIR,,19778,3955600.0,3890600.0,60.86
ONEESHOP,MAINTENIR,,12752,2550400.0,2485400.0,39.24
VADPCM,MAINTENIR,,8741,1748200.0,1683200.0,26.9
26200FK7-7,MAINTENIR,CV,4075,815000.0,750000.0,12.54
VADVAL_PC7,MAINTENIR,,4052,810400.0,745400.0,12.47
13001MC2-8,MAINTENIR,CV,3302,660400.0,595400.0,10.16
06700FQ2-2,MAINTENIR,CC,4148,829600.0,744600.0,9.76
84130JMX-B,MAINTENIR,CC,3813,762600.0,677600.0,8.97
06200W4C-1,MAINTENIR,CC,3726,745200.0,660200.0,8.77
83170FC5-1,MAINTENIR,CV,2607,521400.0,456400.0,8.02
83160FC5-9,MAINTENIR,CC,3371,674200.0,589200.0,7.93
06000XDY-B,MAINTENIR,CV,2569,513800.0,448800.0,7.9
59ALTERAPP,MAINTENIR,,2493,498600.0,433600.0,7.67
13011L5D-5,MAINTENIR,CC,3110,622000.0,537000.0,7.32
13400FV6-7,MAINTENIR,CC,3029,605800.0,520800.0,7.13
83300FP3-1,MAINTENIR,CV,2089,417800.0,352800.0,6.43
13300FE3-2,MAINTENIR,CV,1991,398200.0,333200.0,6.13
83480FP3-8,MAINTENIR,CC,2551,510200.0,425200.0,6.0
05008FT3-2,MAINTENIR,CV,1868,373600.0,308600.0,5.75
13100JAX-5,MAINTENIR,CC,2420,484000.0,399000.0,5.69
26021FE4-0,MAINTENIR,CV,1779,355800.0,290800.0,5.47
20PHSESARR,MAINTENIR,CC,2300,460000.0,375000.0,5.41
20PHSEFURI,MAINTENIR,CC,2044,408800.0,323800.0,4.81
VAD1014ACQ,MAINTENIR,,1562,312400.0,247400.0,4.81
75CTCPERF,MAINTENIR,,1556,311200.0,246200.0,4.79
VAD1014MIG,MAINTENIR,,1527,305400.0,240400.0,4.7
06036FD7-0,MAINTENIR,CC,1993,398600.0,313600.0,4.69
13008FM5-4,MAINTENIR,CC,1991,398200.0,313200.0,4.68
13PHSECABR,MAINTENIR,CC,1882,376400.0,291400.0,4.43
ARVCTCHOME,MAINTENIR,,1433,286600.0,221600.0,4.41
20178FM2-1,MAINTENIR,CV,1406,281200.0,216200.0,4.33
04100FQ7-1,MAINTENIR,CV,1405,281000.0,216000.0,4.32
13PHSEMART,MAINTENIR,CC,1830,366000.0,281000.0,4.31
TNUS,MAINTENIR,,1360,272000.0,207000.0,4.18
83000FC5-8,MAINTENIR,CC,1733,346600.0,261600.0,4.08
84PHSECAR1,MAINTENIR,CV,1257,251400.0,186400.0,3.87
VADCASMIG,MAINTENIR,,1203,240600.0,175600.0,3.7
20220FE8-8,MAINTENIR,CV,1176,235200.0,170200.0,3.62
83PHSESEYN,MAINTENIR,CC,1525,305000.0,220000.0,3.59
07PHSEDAVE,MAINTENIR,CV,1052,210400.0,145400.0,3.24
BO_ADCR_CA,MAINTENIR,,990,198000.0,133000.0,3.05
07PHSETOUR,MAINTENIR,CV,989,197800.0,132800.0,3.04
07200FK7-1,MAINTENIR,CV,975,195000.0,130000.0,3.0
VADSCCACQ,MAINTENIR,,959,191800.0,126800.0,2.95
06PHSEBEAU,MAINTENIR,CV,947,189400.0,124400.0,2.91
83PHSEHYER,MAINTENIR,CC,1096,219200.0,134200.0,2.58
06130FH3-2,MAINTENIR,CV,802,160400.0,95400.0,2.47
75CBOFRAMB,MAINTENIR,,784,156800.0,91800.0,2.41
VADSCCMIG,MAINTENIR,,734,146800.0,81800.0,2.26
20PHSEGHIS,MAINTENIR,CV,642,128400.0,63400.0,1.98
13PHSELAZA,MAINTENIR,CV,637,127400.0,62400.0,1.96
83PHSESTRA,MAINTENIR,CV,623,124600.0,59600.0,1.92
20PHSECORT,MAINTENIR,CV,588,117600.0,52600.0,1.81
07PHSEAUBE,MAINTENIR,CV,575,115000.0,50000.0,1.77
06600FH3-1,MAINTENIR,CV,569,113800.0,48800.0,1.75
20PHSEPROP,MAINTENIR,CV,531,106200.0,41200.0,1.63
62SOSHMLB,MAINTENIR,,509,101800.0,36800.0,1.57
65ACTIJUIL,MAINTENIR,,440,88000.0,23000.0,1.35
06PHSECAGN,MAINTENIR,CC,491,98200.0,13200.0,1.16
OPIM,MAINTENIR,,332,66400.0,1400.0,1.02
